{"cameraMode":{"drawMode":0,"name":"Shaded","section":"Shading Mode"},"sceneLighting":true,"audioPlay":false,"sceneViewState":{"m_AlwaysRefresh":false,"showFog":false,"showSkybox":true,"showFlares":false,"showImageEffects":true,"showParticleSystems":true,"showVisualEffectGraphs":true,"m_FxEnabled":true},"in2DMode":false,"pivot":{"x":-0.5945225358009338,"y":-5.2860565185546879,"z":21.76548957824707},"rotation":{"x":0.26508262753486636,"y":0.06016726419329643,"z":-0.016615519300103189,"w":0.9622762203216553},"size":18.24825096130371,"orthographic":false}