{"cameraMode":{"drawMode":0,"name":"Shaded","section":"Shading Mode"},"sceneLighting":true,"audioPlay":false,"sceneViewState":{"m_AlwaysRefresh":false,"showFog":false,"showSkybox":true,"showFlares":false,"showImageEffects":true,"showParticleSystems":true,"showVisualEffectGraphs":true,"m_FxEnabled":true},"in2DMode":false,"pivot":{"x":1.021628737449646,"y":-1.9372996091842652,"z":23.574831008911134},"rotation":{"x":0.26508262753486636,"y":0.06016726419329643,"z":-0.016615519300103189,"w":0.9622762203216553},"size":13.565571784973145,"orthographic":false}