{"cameraMode":{"drawMode":0,"name":"Shaded","section":"Shading Mode"},"sceneLighting":true,"audioPlay":false,"sceneViewState":{"m_AlwaysRefresh":false,"showFog":false,"showSkybox":true,"showFlares":false,"showImageEffects":true,"showParticleSystems":true,"showVisualEffectGraphs":true,"m_FxEnabled":true},"in2DMode":false,"pivot":{"x":-1.2512391805648804,"y":-2.4240589141845705,"z":3.916900396347046},"rotation":{"x":0.23331114649772645,"y":0.051947906613349918,"z":-0.012511501088738442,"w":0.9710032939910889},"size":18.24825096130371,"orthographic":false}